Rank,Name,Worldwide Gross,Domestic Gross,Foreign Gross,Domestic %,Foreign %,Year
1,Avatar,"$2,923,710,708","$785,221,649","$2,138,489,059",26.9%,73.1%,2009
2,Avengers: Endgame,"$2,799,439,100","$858,373,000","$1,941,066,100",30.7%,69.3%,2019
3,Avatar: The Way of Water,"$2,334,484,620","$688,459,501","$1,646,025,119",29.5%,70.5%,2022
4,Titanic,"$2,264,812,968","$674,354,882","$1,590,458,086",29.8%,70.2%,1997
5,Ne Zha 2,"$2,259,822,417","$23,308,176","$2,236,514,241",1%,99%,2025
6,Star Wars: Episode VII - The Force Awakens,"$2,071,310,218","$936,662,225","$1,134,647,993",45.2%,54.8%,2015
7,Avengers: Infinity War,"$2,052,415,039","$678,815,482","$1,373,599,557",33.1%,66.9%,2018
8,Spider-Man: No Way Home,"$1,921,426,073","$814,866,759","$1,106,559,314",42.4%,57.6%,2021
9,Zootopia 2,"$1,830,211,739","$420,611,739","$1,409,600,000",23%,77%,2025
10,Inside Out 2,"$1,698,863,816","$652,980,194","$1,045,883,622",38.4%,61.6%,2024
11,Jurassic World,"$1,671,537,444","$653,406,625","$1,018,130,819",39.1%,60.9%,2015
12,The Lion King,"$1,662,020,819","$543,638,043","$1,118,382,776",32.7%,67.3%,2019
13,The Avengers,"$1,520,538,536","$623,357,910","$897,180,626",41%,59%,2012
14,Furious 7,"$1,515,342,457","$353,007,020","$1,162,335,437",23.3%,76.7%,2015
15,Top Gun: Maverick,"$1,495,696,292","$718,732,821","$776,963,471",48%,52%,2022
16,Avatar: Fire and Ash,"$1,460,176,244","$396,676,244","$1,063,500,000",27.2%,72.8%,2025
17,Frozen II,"$1,453,683,476","$477,373,578","$976,309,898",32.8%,67.2%,2019
18,Barbie,"$1,447,138,421","$636,238,421","$810,900,000",44%,56%,2023
19,Avengers: Age of Ultron,"$1,405,018,048","$459,005,868","$946,012,180",32.7%,67.3%,2015
20,The Super Mario Bros. Movie,"$1,360,879,735","$574,934,330","$785,945,405",42.2%,57.8%,2023
21,Black Panther,"$1,349,926,083","$700,426,566","$649,499,517",51.9%,48.1%,2018
22,Harry Potter and the Deathly Hallows: Part 2,"$1,342,942,050","$381,884,297","$961,057,753",28.4%,71.6%,2011
23,Deadpool & Wolverine,"$1,338,073,645","$636,745,858","$701,327,787",47.6%,52.4%,2024
24,Star Wars: Episode VIII - The Last Jedi,"$1,334,407,706","$620,181,382","$714,226,324",46.5%,53.5%,2017
25,Jurassic World: Fallen Kingdom,"$1,308,566,455","$417,719,760","$890,846,695",31.9%,68.1%,2018
26,Frozen,"$1,286,513,286","$400,953,009","$885,560,277",31.2%,68.8%,2013
27,Beauty and the Beast,"$1,266,115,964","$504,481,165","$761,634,799",39.8%,60.2%,2017
28,Incredibles 2,"$1,243,225,667","$608,581,744","$634,643,923",49%,51%,2018
29,The Fate of the Furious,"$1,236,009,236","$226,008,385","$1,010,000,851",18.3%,81.7%,2017
30,Iron Man 3,"$1,215,577,205","$409,013,994","$806,563,211",33.6%,66.4%,2013
31,Minions,"$1,159,457,503","$336,045,770","$823,411,733",29%,71%,2015
32,Captain America: Civil War,"$1,155,046,416","$408,084,349","$746,962,067",35.3%,64.7%,2016
33,Aquaman,"$1,152,028,393","$335,104,314","$816,924,079",29.1%,70.9%,2018
34,The Lord of the Rings: The Return of the King,"$1,148,812,312","$386,975,644","$761,836,668",33.7%,66.3%,2003
35,Spider-Man: Far from Home,"$1,132,723,226","$391,283,774","$741,439,452",34.5%,65.5%,2019
36,Captain Marvel,"$1,131,416,446","$426,829,839","$704,586,607",37.7%,62.3%,2019
37,Transformers: Dark of the Moon,"$1,123,794,079","$352,390,543","$771,403,536",31.4%,68.6%,2011
38,Skyfall,"$1,108,594,137","$304,360,277","$804,233,860",27.4%,72.6%,2012
39,Transformers: Age of Extinction,"$1,105,261,713","$245,439,076","$859,822,637",22.2%,77.8%,2014
40,Jurassic Park,"$1,103,110,411","$407,185,075","$695,925,336",36.9%,63.1%,1993
41,The Dark Knight Rises,"$1,085,429,532","$448,149,584","$637,279,948",41.3%,58.7%,2012
42,Joker,"$1,078,958,629","$335,477,657","$743,480,972",31.1%,68.9%,2019
43,Star Wars: Episode IX - The Rise of Skywalker,"$1,077,022,372","$515,202,542","$561,819,830",47.8%,52.2%,2019
44,Toy Story 4,"$1,073,841,394","$434,038,008","$639,803,386",40.4%,59.6%,2019
45,Toy Story 3,"$1,067,316,101","$415,004,880","$652,311,221",38.9%,61.1%,2010
46,Pirates of the Caribbean: Dead Man's Chest,"$1,066,179,747","$423,315,812","$642,863,935",39.7%,60.3%,2006
47,Moana 2,"$1,059,242,164","$460,405,297","$598,836,867",43.5%,56.5%,2024
48,Rogue One: A Star Wars Story,"$1,058,684,742","$533,539,991","$525,144,751",50.4%,49.6%,2016
49,Aladdin,"$1,054,304,000","$355,559,216","$698,744,784",33.7%,66.3%,2019
50,Pirates of the Caribbean: On Stranger Tides,"$1,046,721,266","$241,071,802","$805,649,464",23%,77%,2011
51,Star Wars: Episode I - The Phantom Menace,"$1,046,515,409","$487,576,624","$558,938,785",46.6%,53.4%,1999
52,Lilo & Stitch,"$1,038,027,526","$423,778,855","$614,248,671",40.8%,59.2%,2025
53,Despicable Me 3,"$1,034,800,131","$264,624,300","$770,175,831",25.6%,74.4%,2017
54,Harry Potter and the Sorcerer's Stone,"$1,029,374,615","$319,765,078","$709,609,537",31.1%,68.9%,2001
55,Finding Dory,"$1,029,266,989","$486,295,561","$542,971,428",47.2%,52.8%,2016
56,Zootopia,"$1,025,521,689","$341,268,248","$684,253,441",33.3%,66.7%,2016
57,Alice in Wonderland,"$1,025,468,216","$334,191,110","$691,277,106",32.6%,67.4%,2010
58,The Hobbit: An Unexpected Journey,"$1,017,453,991","$303,030,651","$714,423,340",29.8%,70.2%,2012
59,The Dark Knight,"$1,008,477,382","$534,987,076","$473,490,306",53%,47%,2008
60,Jurassic World: Dominion,"$1,001,978,080","$376,851,080","$625,127,000",37.6%,62.4%,2022
62,Oppenheimer,"$975,811,333","$330,078,895","$645,732,438",33.8%,66.2%,2023
63,Despicable Me 4,"$972,021,410","$361,004,205","$611,017,205",37.1%,62.9%,2024
64,Despicable Me 2,"$970,766,005","$368,065,385","$602,700,620",37.9%,62.1%,2013
65,The Jungle Book,"$967,724,775","$364,001,123","$603,723,652",37.6%,62.4%,2016
66,The Hobbit: The Battle of the Five Armies,"$962,749,443","$255,138,261","$707,611,182",26.5%,73.5%,2014
67,Jumanji: Welcome to the Jungle,"$962,544,585","$404,540,171","$558,004,414",42%,58%,2017
68,Pirates of the Caribbean: At World's End,"$961,691,209","$309,420,425","$652,270,784",32.2%,67.8%,2007
69,A Minecraft Movie,"$961,187,780","$424,087,780","$537,100,000",44.1%,55.9%,2025
70,Harry Potter and the Deathly Hallows: Part 1,"$960,858,478","$296,374,621","$664,483,857",30.8%,69.2%,2010
71,The Hobbit: The Desolation of Smaug,"$959,079,095","$258,387,334","$700,691,761",26.9%,73.1%,2013
72,Doctor Strange in the Multiverse of Madness,"$955,775,804","$411,331,607","$544,444,197",43%,57%,2022
73,The Lord of the Rings: The Two Towers,"$944,673,358","$350,104,956","$594,568,402",37.1%,62.9%,2002
74,Harry Potter and the Order of the Phoenix,"$942,872,838","$292,382,727","$650,490,111",31%,69%,2007
75,Finding Nemo,"$941,637,960","$380,843,261","$560,794,699",40.4%,59.6%,2003
76,Harry Potter and the Half-Blood Prince,"$941,056,063","$302,334,374","$638,721,689",32.1%,67.9%,2009
77,Minions: The Rise of Gru,"$940,482,695","$370,549,695","$569,933,000",39.4%,60.6%,2022
78,Shrek 2,"$932,536,239","$444,978,202","$487,558,037",47.7%,52.3%,2004
79,Bohemian Rhapsody,"$910,813,521","$216,668,042","$694,145,479",23.8%,76.2%,2018
80,Star Wars: Episode III - Revenge of the Sith,"$905,595,947","$414,378,291","$491,217,656",45.8%,54.2%,2005
81,The Battle at Lake Changjin,"$902,548,476","$342,411","$902,206,065",<0.1%,100%,2021
82,Harry Potter and the Goblet of Fire,"$900,435,886","$291,239,805","$609,196,081",32.3%,67.7%,2005
83,The Lord of the Rings: The Fellowship of the Ring,"$896,931,290","$325,873,309","$571,057,981",36.3%,63.7%,2001
84,Spider-Man 3,"$887,404,761","$338,032,318","$549,372,443",38.1%,61.9%,2007
85,Ice Age: Dawn of the Dinosaurs,"$886,686,817","$196,573,705","$690,113,112",22.2%,77.8%,2009
86,Harry Potter and the Chamber of Secrets,"$883,386,103","$263,094,348","$620,291,755",29.8%,70.2%,2002
87,Spider-Man: Homecoming,"$880,978,185","$334,952,829","$546,025,356",38%,62%,2017
88,Spectre,"$880,707,597","$200,074,609","$680,632,988",22.7%,77.3%,2015
89,Ice Age: Continental Drift,"$877,244,782","$161,321,843","$715,922,939",18.4%,81.6%,2012
90,The Secret Life of Pets,"$875,698,161","$368,623,860","$507,074,301",42.1%,57.9%,2016
91,Batman v Superman: Dawn of Justice,"$874,362,803","$330,360,194","$544,002,609",37.8%,62.2%,2016
92,Wolf Warrior 2,"$870,325,439","$2,721,100","$867,604,339",0.3%,99.7%,2017
93,Jurassic World: Rebirth,"$869,146,189","$339,640,400","$529,505,789",39.1%,60.9%,2025
94,The Twilight Saga: Breaking Dawn - Part 2,"$868,590,075","$293,144,686","$575,445,389",33.8%,66.2%,2012
95,The Hunger Games: Catching Fire,"$865,011,746","$424,668,047","$440,343,699",49.1%,50.9%,2013
96,Guardians of the Galaxy Vol. 2,"$863,764,214","$389,813,101","$473,951,113",45.1%,54.9%,2017
97,Black Panther: Wakanda Forever,"$859,208,836","$453,829,060","$405,379,776",52.8%,47.2%,2022
98,Inside Out,"$859,076,254","$356,461,711","$502,614,543",41.5%,58.5%,2015
99,Venom,"$856,085,161","$213,515,506","$642,569,655",24.9%,75.1%,2018
100,Thor: Ragnarok,"$855,301,806","$315,058,289","$540,243,517",36.8%,63.2%,2017
101,Guardians of the Galaxy Vol. 3,"$845,555,777","$358,995,815","$486,559,962",42.5%,57.5%,2023
102,Inception,"$839,786,473","$292,587,330","$547,199,143",34.8%,65.2%,2010
103,Transformers: Revenge of the Fallen,"$836,304,167","$402,111,870","$434,192,297",48.1%,51.9%,2009
104,Mission: Impossible - Fallout,"$824,171,374","$220,159,104","$604,012,270",26.7%,73.3%,2018
105,Wonder Woman,"$823,970,682","$412,845,172","$411,125,510",50.1%,49.9%,2017
106,Coco,"$823,285,838","$210,460,015","$612,825,823",25.6%,74.4%,2017
107,"Hi, Mom","$822,009,764",-,"$822,009,764",-,100%,2021
108,Independence Day,"$817,400,891","$306,169,268","$511,231,623",37.5%,62.5%,1996
109,Fantastic Beasts and Where to Find Them,"$816,037,575","$234,037,575","$582,000,000",28.7%,71.3%,2016
110,Spider-Man,"$810,923,968","$408,524,875","$402,399,093",50.4%,49.6%,2002
111,Harry Potter and the Prisoner of Azkaban,"$810,556,919","$250,657,586","$559,899,333",30.9%,69.1%,2004
112,Shrek the Third,"$808,310,187","$322,719,944","$485,590,243",39.9%,60.1%,2007
113,Jumanji: The Next Level,"$801,693,929","$320,314,960","$481,378,969",40%,60%,2019
114,The Da Vinci Code,"$801,349,858","$217,536,138","$583,813,720",27.2%,72.8%,2006
115,E.T. the Extra-Terrestrial,"$797,307,407","$439,454,989","$357,852,418",55.1%,44.9%,1982
116,Pirates of the Caribbean: Dead Men Tell No Tales,"$795,922,298","$172,558,876","$623,363,422",21.7%,78.3%,2017
117,2012,"$791,217,826","$166,112,167","$625,105,659",21%,79%,2009
118,Fast & Furious 6,"$788,683,342","$238,679,850","$550,003,492",30.3%,69.7%,2013
119,Indiana Jones and the Kingdom of the Crystal Skull,"$786,636,033","$317,101,119","$469,534,914",40.3%,59.7%,2008
120,Deadpool 2,"$785,896,632","$324,591,735","$461,304,897",41.3%,58.7%,2018
121,Spider-Man 2,"$785,388,262","$375,087,840","$410,300,422",47.8%,52.2%,2004
122,Deadpool,"$782,837,347","$363,070,709","$419,766,638",46.4%,53.6%,2016
123,Star Wars: Episode IV - A New Hope,"$775,398,507","$460,998,507","$314,400,000",59.4%,40.6%,1977
124,No Time to Die,"$774,153,007","$160,891,007","$613,262,000",20.8%,79.2%,2021
125,Interstellar,"$773,889,028","$203,227,580","$570,661,448",26.3%,73.7%,2014
126,Guardians of the Galaxy,"$773,350,376","$333,718,600","$439,631,776",43.2%,56.8%,2014
127,The Batman,"$772,775,278","$369,801,546","$402,973,732",47.8%,52.2%,2022
128,Thor: Love and Thunder,"$760,928,081","$343,256,830","$417,671,251",45.1%,54.9%,2022
129,Fast & Furious Presents: Hobbs & Shaw,"$760,732,926","$173,956,935","$586,775,991",22.9%,77.1%,2019
130,The Twilight Saga: Eclipse,"$760,627,618","$300,840,764","$459,786,854",39.6%,60.4%,2010
131,Maleficent,"$759,853,685","$241,410,378","$518,443,307",31.8%,68.2%,2014
132,The Hunger Games: Mockingjay - Part 1,"$758,846,335","$337,135,885","$421,710,450",44.4%,55.6%,2014
133,Wicked,"$758,790,057","$474,983,975","$283,806,082",62.6%,37.4%,2024
134,The Amazing Spider-Man,"$758,725,893","$262,782,352","$495,943,541",34.6%,65.4%,2012
135,Shrek Forever After,"$752,600,867","$238,736,787","$513,864,080",31.7%,68.3%,2010
136,Suicide Squad,"$749,200,054","$325,100,054","$424,100,000",43.4%,56.6%,2016
137,Madagascar 3: Europe's Most Wanted,"$746,921,274","$216,391,482","$530,529,792",29%,71%,2012
138,X-Men: Days of Future Past,"$746,045,700","$233,921,534","$512,124,166",31.4%,68.6%,2014
139,"The Chronicles of Narnia: The Lion, the Witch and the Wardrobe","$745,013,115","$291,710,957","$453,302,158",39.2%,60.8%,2005
140,Monsters University,"$743,559,645","$268,492,764","$475,066,881",36.1%,63.9%,2013
141,The Matrix Reloaded,"$741,847,937","$281,576,461","$460,271,476",38%,62%,2003
142,Up,"$735,103,954","$293,004,164","$442,099,790",39.9%,60.1%,2009
143,Demon Slayer: Kimetsu no Yaiba Infinity Castle,"$732,230,471","$134,519,077","$597,711,394",18.4%,81.6%,2025
144,The Twilight Saga: Breaking Dawn - Part 1,"$731,980,095","$281,797,623","$450,182,472",38.5%,61.5%,2011
145,F9: The Fast Saga,"$726,229,501","$173,005,945","$553,223,556",23.8%,76.2%,2021
146,Ne Zha,"$726,225,471","$3,695,533","$722,529,938",0.5%,99.5%,2019
147,Gravity,"$723,753,370","$274,092,705","$449,660,665",37.9%,62.1%,2013
148,Mufasa: The Lion King,"$722,631,756","$254,567,693","$468,064,063",35.2%,64.8%,2024
149,It,"$719,766,009","$328,874,981","$390,891,028",45.7%,54.3%,2017
150,The Amazing Spider-Man 2,"$716,934,779","$203,605,622","$513,329,157",28.4%,71.6%,2014
151,Dune: Part Two,"$714,844,358","$282,144,358","$432,700,000",39.5%,60.5%,2024
152,Captain America: The Winter Soldier,"$714,421,503","$259,766,572","$454,654,931",36.4%,63.6%,2014
153,The Twilight Saga: New Moon,"$712,135,229","$298,410,482","$413,724,747",41.9%,58.1%,2009
154,Mission: Impossible - Rogue Nation,"$710,916,403","$195,042,377","$515,874,026",27.4%,72.6%,2015
155,Dawn of the Planet of the Apes,"$710,644,566","$208,545,589","$502,098,977",29.4%,70.6%,2014
156,Transformers,"$709,709,780","$319,246,193","$390,463,587",45%,55%,2007
157,Fast X,"$704,875,015","$146,126,015","$558,749,000",20.7%,79.3%,2023
158,The Wandering Earth,"$699,992,512","$5,971,413","$694,021,099",0.8%,99.2%,2019
159,The Hunger Games,"$695,220,619","$408,010,692","$287,209,927",58.7%,41.3%,2012
160,Mission: Impossible - Ghost Protocol,"$694,713,380","$209,397,903","$485,315,477",30.1%,69.9%,2011
161,Spider-Man: Across the Spider-Verse,"$690,824,738","$381,593,754","$309,230,984",55.2%,44.8%,2023
162,Detective Chinatown 3,"$686,257,563",-,"$686,257,563",-,100%,2021
163,Forrest Gump,"$678,226,465","$330,455,270","$347,771,195",48.7%,51.3%,1994
164,Doctor Strange,"$677,796,833","$232,641,920","$445,154,913",34.3%,65.7%,2016
165,The Sixth Sense,"$672,806,731","$293,506,292","$379,300,439",43.6%,56.4%,1999
166,Big Hero 6,"$672,107,599","$222,527,828","$449,579,771",33.1%,66.9%,2014
167,Full River Red,"$670,491,959",-,"$670,491,959",-,100%,2023
168,Man of Steel,"$670,145,518","$291,045,518","$379,100,000",43.4%,56.6%,2013
169,Ice Age 2: The Meltdown,"$667,318,416","$195,330,621","$471,987,795",29.3%,70.7%,2006
170,Kung Fu Panda 2,"$665,692,281","$165,249,063","$500,443,218",24.8%,75.2%,2011
171,The Hunger Games: Mockingjay - Part 2,"$664,905,155","$281,723,902","$383,181,253",42.4%,57.6%,2015
172,Justice League,"$661,326,987","$229,024,295","$432,302,692",34.6%,65.4%,2017
173,Fantastic Beasts: The Crimes of Grindelwald,"$655,755,901","$159,555,901","$496,200,000",24.3%,75.7%,2018
174,F1: The Movie,"$654,582,183","$189,642,436","$464,939,747",29%,71%,2025
175,Pirates of the Caribbean: The Curse of the Black Pearl,"$654,264,546","$305,413,918","$348,850,628",46.7%,53.3%,2003
176,Men in Black³,"$654,213,485","$179,020,854","$475,192,631",27.4%,72.6%,2012
177,Star Wars: Episode II - Attack of the Clones,"$653,780,724","$310,676,740","$343,103,984",47.5%,52.5%,2002
178,Thor: The Dark World,"$644,783,140","$206,362,140","$438,421,000",32%,68%,2013
179,Moana,"$643,332,974","$248,757,044","$394,575,930",38.7%,61.3%,2016
180,How to Train Your Dragon,"$636,351,148","$262,958,100","$373,393,048",41.3%,58.7%,2025
181,Wonka,"$634,502,312","$218,402,312","$416,100,000",34.4%,65.6%,2023
182,Sing,"$634,338,409","$270,578,425","$363,759,984",42.7%,57.3%,2016
183,Kung Fu Panda,"$632,384,787","$216,064,546","$416,320,241",34.2%,65.8%,2008
184,The Incredibles,"$631,688,498","$261,441,092","$370,247,406",41.4%,58.6%,2004
185,The Martian,"$630,621,406","$228,433,663","$402,187,743",36.2%,63.8%,2015
186,Hancock,"$629,443,428","$227,946,274","$401,497,154",36.2%,63.8%,2008
187,Water Gate Bridge,"$626,571,697","$117,294","$626,454,403",<0.1%,100%,2022
188,Fast Five,"$626,140,012","$209,837,675","$416,302,337",33.5%,66.5%,2011
189,Iron Man 2,"$623,933,331","$312,433,331","$311,500,000",50.1%,49.9%,2010
190,Ratatouille,"$623,738,973","$206,445,654","$417,293,319",33.1%,66.9%,2007
191,Ant-Man and the Wasp,"$622,674,139","$216,648,740","$406,025,399",34.8%,65.2%,2018
192,How to Train Your Dragon 2,"$621,537,519","$177,002,924","$444,534,595",28.5%,71.5%,2014
193,Logan,"$619,180,476","$226,277,068","$392,903,408",36.5%,63.5%,2017
194,Superman,"$618,723,803","$354,223,803","$264,500,000",57.2%,42.8%,2025
195,The Lost World: Jurassic Park,"$618,638,999","$229,086,679","$389,552,320",37%,63%,1997
196,Casino Royale,"$616,585,752","$167,445,960","$449,139,792",27.2%,72.8%,2006
197,Mamma Mia!,"$615,057,699","$144,330,569","$470,727,130",23.5%,76.5%,2008
198,The Wandering Earth II,"$615,023,132","$5,023,132","$610,000,000",0.8%,99.2%,2023
199,The Passion of the Christ,"$610,063,438","$370,782,930","$239,280,508",60.8%,39.2%,2004
200,Life of Pi,"$609,016,565","$124,987,023","$484,029,542",20.5%,79.5%,2012
201,Ready Player One,"$607,874,422","$137,715,350","$470,159,072",22.7%,77.3%,2018
202,Transformers: The Last Knight,"$605,425,157","$130,168,683","$475,256,474",21.5%,78.5%,2017
203,Madagascar: Escape 2 Africa,"$603,900,354","$180,010,950","$423,889,404",29.8%,70.2%,2008
204,War of the Worlds,"$603,873,504","$234,280,354","$369,593,150",38.8%,61.2%,2005
205,Mission: Impossible - The Final Reckoning,"$598,767,057","$197,413,515","$401,353,542",33%,67%,2025
206,Tangled,"$591,806,017","$200,821,936","$390,984,081",33.9%,66.1%,2010
207,Quantum of Solace,"$589,593,688","$168,368,427","$421,225,261",28.6%,71.4%,2008
208,Men in Black,"$589,390,539","$250,690,539","$338,700,000",42.5%,57.5%,1997
209,The Croods,"$587,267,229","$187,168,425","$400,098,804",31.9%,68.1%,2013
210,The Hangover Part II,"$586,764,305","$254,464,305","$332,300,000",43.4%,56.6%,2011
211,Iron Man,"$585,796,247","$319,034,126","$266,762,121",54.5%,45.5%,2008
212,I Am Legend,"$585,498,742","$256,393,010","$329,105,732",43.8%,56.2%,2007
213,"Monsters, Inc.","$579,773,055","$290,642,256","$289,130,799",50.1%,49.9%,2001
214,Operation Red Sea,"$579,330,426","$1,543,547","$577,786,879",0.3%,99.7%,2018
215,Night at the Museum,"$574,482,479","$250,863,268","$323,619,211",43.7%,56.3%,2006
216,Godzilla x Kong: The New Empire,"$572,050,016","$196,350,016","$375,700,000",34.3%,65.7%,2024
217,Mission: Impossible - Dead Reckoning Part One,"$571,125,435","$172,640,980","$398,484,455",30.2%,69.8%,2023
218,Fifty Shades of Grey,"$569,651,467","$166,167,230","$403,484,237",29.2%,70.8%,2015
219,The Little Mermaid,"$569,642,672","$298,172,056","$271,470,616",52.3%,47.7%,2023
220,Kong: Skull Island,"$568,652,812","$168,052,812","$400,600,000",29.6%,70.4%,2017
221,The Smurfs,"$563,892,376","$142,614,158","$421,278,218",25.3%,74.7%,2011
222,Cars 2,"$559,853,036","$191,452,396","$368,400,640",34.2%,65.8%,2011
223,King Kong,"$556,907,510","$218,080,025","$338,827,485",39.2%,60.8%,2005
224,Puss in Boots,"$554,987,477","$149,260,504","$405,726,973",26.9%,73.1%,2011
225,The Mermaid,"$553,810,228","$3,232,685","$550,577,543",0.6%,99.4%,2016
226,Armageddon,"$553,712,773","$201,578,182","$352,134,591",36.4%,63.6%,1998
227,The Grinch,"$552,976,825","$272,504,456","$280,472,369",49.3%,50.7%,2018
228,The Day After Tomorrow,"$552,639,571","$186,740,799","$365,898,772",33.8%,66.2%,2004
229,Star Wars: Episode V - The Empire Strikes Back,"$550,016,086","$292,753,960","$257,262,126",53.2%,46.8%,1980
230,Ted,"$549,368,315","$218,815,487","$330,552,828",39.8%,60.2%,2012
231,Dunkirk,"$549,136,737","$189,740,665","$359,396,072",34.6%,65.4%,2017
232,Kung Fu Panda 4,"$547,946,428","$193,590,620","$354,355,808",35.3%,64.7%,2024
233,American Sniper,"$547,659,020","$350,159,020","$197,500,000",63.9%,36.1%,2014
234,Mission: Impossible II,"$546,388,108","$215,409,889","$330,978,219",39.4%,60.6%,2000
235,Detective Chinatown 2,"$544,185,156","$1,983,984","$542,201,172",0.4%,99.6%,2018
236,Despicable Me,"$544,174,973","$251,683,815","$292,491,158",46.2%,53.8%,2010
237,X-Men: Apocalypse,"$543,934,105","$155,442,489","$388,491,616",28.6%,71.4%,2016
238,Sherlock Holmes: A Game of Shadows,"$543,848,418","$186,848,418","$357,000,000",34.4%,65.6%,2011
239,Madagascar,"$543,289,400","$194,820,396","$348,469,004",35.9%,64.1%,2005
240,Cinderella,"$542,358,331","$201,151,353","$341,206,978",37.1%,62.9%,2015
241,Hotel Transylvania 3: Summer Vacation,"$541,504,608","$167,510,016","$373,994,592",30.9%,69.1%,2018
242,World War Z,"$540,455,876","$202,807,711","$337,648,165",37.5%,62.5%,2013
243,How to Train Your Dragon: The Hidden World,"$539,987,993","$160,945,505","$379,042,488",29.8%,70.2%,2019
244,Brave,"$538,983,207","$237,283,207","$301,700,000",44%,56%,2012
245,The Simpsons Movie,"$536,414,293","$183,135,014","$353,279,279",34.1%,65.9%,2007
246,The Revenant,"$532,950,503","$183,637,894","$349,312,609",34.5%,65.5%,2015
247,No More Bets,"$532,600,264",-,"$532,600,264",-,100%,2023
248,The Meg,"$529,338,515","$145,522,784","$383,815,731",27.5%,72.5%,2018
249,Ralph Breaks the Internet,"$529,323,962","$201,091,711","$328,232,251",38%,62%,2018
250,The Boss Baby,"$527,965,936","$175,003,033","$352,962,903",33.2%,66.8%,2017
251,WALL·E,"$527,404,782","$223,808,164","$303,596,618",42.4%,57.6%,2008
252,Wicked: For Good,"$525,801,289","$342,915,090","$182,886,199",65.2%,34.8%,2025
253,Godzilla,"$524,978,362","$200,676,069","$324,302,293",38.2%,61.8%,2014
254,Sherlock Holmes,"$524,028,679","$209,028,679","$315,000,000",39.9%,60.1%,2009
255,Meet the Fockers,"$522,657,936","$279,261,160","$243,396,776",53.4%,46.6%,2004
256,La La Land,"$522,314,583","$151,101,803","$371,212,780",28.9%,71.1%,2016
257,The Fantastic Four: First Steps,"$521,858,728","$274,286,610","$247,572,118",52.6%,47.4%,2025
258,Kung Fu Panda 3,"$521,170,825","$143,528,619","$377,642,206",27.5%,72.5%,2016
259,Ant-Man,"$519,311,965","$180,202,163","$339,109,802",34.7%,65.3%,2015
260,Terminator 2: Judgment Day,"$517,778,573","$205,881,154","$311,897,419",39.8%,60.2%,1991
261,Venom: Let There Be Carnage,"$506,813,864","$213,550,366","$293,263,498",42.1%,57.9%,2021
262,Ghost,"$505,703,557","$217,631,306","$288,072,251",43%,57%,1990
264,Detective Chinatown 1900,"$500,282,092","$2,229,946","$498,052,146",0.4%,99.6%,2025
265,The Conjuring: Last Rites,"$499,156,445","$177,756,445","$321,400,000",35.6%,64.4%,2025
266,Rio 2,"$498,781,117","$131,538,435","$367,242,682",26.4%,73.6%,2014
267,Troy,"$497,409,852","$133,378,256","$364,031,596",26.8%,73.2%,2004
268,Toy Story 2,"$497,375,404","$245,852,179","$251,523,225",49.4%,50.6%,1999
269,Elemental,"$496,444,308","$154,426,697","$342,017,611",31.1%,68.9%,2023
271,Twister,"$494,580,615","$241,830,615","$252,750,000",48.9%,51.1%,1996
272,Oz the Great and Powerful,"$493,311,825","$234,911,825","$258,400,000",47.6%,52.4%,2013
273,Clash of the Titans,"$493,214,993","$163,214,888","$330,000,105",33.1%,66.9%,2010
274,Sonic the Hedgehog 3,"$492,162,604","$236,115,100","$256,047,504",48%,52%,2024
275,Maleficent: Mistress of Evil,"$491,730,089","$113,929,605","$377,800,484",23.2%,76.8%,2019
276,Jaws,"$490,736,300","$280,083,300","$210,653,000",57.1%,42.9%,1975
277,War for the Planet of the Apes,"$490,719,763","$146,880,162","$343,839,601",29.9%,70.1%,2017
278,Shrek,"$488,977,919","$268,698,241","$220,279,678",55%,45%,2001
279,Lost in the Stars,"$487,637,474","$1,721,446","$485,916,028",0.4%,99.6%,2023
280,Mr. & Mrs. Smith,"$487,287,646","$186,336,279","$300,951,367",38.2%,61.8%,2005
281,Demon Slayer: Kimetsu no Yaiba - The Movie: Mugen Train,"$486,451,200","$49,888,550","$436,562,650",10.3%,89.7%,2020
282,Angels & Demons,"$485,930,816","$133,375,846","$352,554,970",27.4%,72.6%,2009
283,Teenage Mutant Ninja Turtles,"$485,004,754","$191,204,754","$293,800,000",39.4%,60.6%,2014
284,Bruce Almighty,"$484,592,874","$242,829,261","$241,763,613",50.1%,49.9%,2003
285,Rio,"$483,895,196","$143,619,809","$340,275,387",29.7%,70.3%,2011
286,Star Wars: Episode VI - Return of the Jedi,"$482,466,382","$316,566,101","$165,900,281",65.6%,34.4%,1983
287,Saving Private Ryan,"$482,352,390","$217,049,603","$265,302,787",45%,55%,1998
288,Rise of the Planet of the Apes,"$481,800,873","$176,760,185","$305,040,688",36.7%,63.3%,2011
289,Puss in Boots: The Last Wish,"$480,466,413","$186,090,535","$294,375,878",38.7%,61.3%,2022
290,Venom: The Last Dance,"$478,937,618","$139,755,882","$339,181,736",29.2%,70.8%,2024
291,Home Alone,"$477,383,642","$285,761,243","$191,622,399",59.9%,40.1%,1990
292,Ant-Man and the Wasp: Quantumania,"$476,071,180","$214,504,909","$261,566,271",45.1%,54.9%,2023
293,Hotel Transylvania 2,"$475,186,976","$169,700,110","$305,486,866",35.7%,64.3%,2015
294,Charlie and the Chocolate Factory,"$474,968,763","$206,459,076","$268,509,687",43.5%,56.5%,2005
295,San Andreas,"$474,609,154","$155,190,832","$319,418,322",32.7%,67.3%,2015
296,Indiana Jones and the Last Crusade,"$474,171,806","$197,171,806","$277,000,000",41.6%,58.4%,1989
297,The Matrix,"$473,328,167","$177,559,005","$295,769,162",37.5%,62.5%,1999
298,It: Chapter Two,"$473,123,154","$211,622,525","$261,500,629",44.7%,55.3%,2019
299,The Greatest Showman,"$471,871,490","$174,340,174","$297,531,316",37%,63%,2017
300,Wreck-It Ralph,"$471,222,906","$189,422,889","$281,800,017",40.2%,59.8%,2012
301,The Lego Movie,"$470,760,260","$257,966,122","$212,794,138",54.8%,45.2%,2014
302,Godzilla vs. Kong,"$470,116,094","$100,916,094","$369,200,000",21.5%,78.5%,2021
303,The Hangover,"$469,329,059","$277,339,746","$191,989,313",59.1%,40.9%,2009
304,Lucy,"$469,058,574","$126,663,600","$342,394,974",27%,73%,2014
305,Bumblebee,"$467,989,645","$127,195,589","$340,794,056",27.2%,72.8%,2018
306,Star Trek Into Darkness,"$467,365,246","$228,778,661","$238,586,585",49%,51%,2013
307,Gladiator,"$465,516,248","$187,705,427","$277,810,821",40.3%,59.7%,2000
308,Pretty Woman,"$463,406,268","$178,406,268","$285,000,000",38.5%,61.5%,1990
309,Gladiator II,"$462,180,717","$172,438,016","$289,742,701",37.3%,62.7%,2024
310,Cars,"$461,996,328","$244,082,982","$217,913,346",52.8%,47.2%,2006
311,The Eight Hundred,"$461,421,559","$372,755","$461,048,804",<0.1%,99.9%,2020
312,X-Men: The Last Stand,"$460,435,291","$234,362,462","$226,072,829",50.9%,49.1%,2006
313,Moon Man,"$460,237,662",-,"$460,237,662",-,100%,2022
314,National Treasure: Book of Secrets,"$459,242,249","$219,964,115","$239,278,134",47.9%,52.1%,2007
315,Mission: Impossible,"$457,696,391","$180,981,856","$276,714,535",39.5%,60.5%,1996
316,300,"$456,082,343","$210,629,101","$245,453,242",46.2%,53.8%,2007
317,The Last Samurai,"$454,627,263","$111,127,263","$343,500,000",24.4%,75.6%,2003
318,Beetlejuice Beetlejuice,"$452,000,435","$294,100,435","$157,900,000",65.1%,34.9%,2024
320,Dying to Survive,"$451,183,391","$6,752","$451,176,639",-,100%,2018
321,Ocean's Eleven,"$450,717,150","$183,417,150","$267,300,000",40.7%,59.3%,2001
322,"My People, My Country","$450,064,993","$2,356,683","$447,708,310",0.5%,99.5%,2019
323,Pokémon: Detective Pikachu,"$450,063,166","$144,174,568","$305,888,598",32%,68%,2019
324,Thor,"$449,326,618","$181,030,624","$268,295,994",40.3%,59.7%,2011
325,Pearl Harbor,"$449,220,945","$198,542,554","$250,678,391",44.2%,55.8%,2001
326,Tarzan,"$448,192,603","$171,091,819","$277,100,784",38.2%,61.8%,1999
327,John Wick: Chapter 4,"$447,142,521","$187,131,806","$260,010,715",41.8%,58.2%,2023
328,1917,"$446,064,352","$159,227,644","$286,836,708",35.7%,64.3%,2019
329,Men in Black II,"$445,135,288","$193,735,288","$251,400,000",43.5%,56.5%,2002
330,The Mummy Returns,"$443,284,916","$202,019,785","$241,265,131",45.6%,54.4%,2001
331,Alvin and the Chipmunks: The Squeakquel,"$443,140,005","$219,614,612","$223,525,393",49.6%,50.4%,2009
332,The Bourne Ultimatum,"$442,824,138","$227,471,070","$215,353,068",51.4%,48.6%,2007
333,Les Misérables,"$442,757,529","$149,260,140","$293,497,389",33.7%,66.3%,2012
334,Transformers: Rise of the Beasts,"$441,656,550","$157,341,749","$284,314,801",35.6%,64.4%,2023
335,Mrs. Doubtfire,"$441,286,195","$219,195,243","$222,090,952",49.7%,50.3%,1993
336,Terminator Genisys,"$440,603,537","$89,760,956","$350,842,581",20.4%,79.6%,2015
337,Aquaman and the Lost Kingdom,"$440,181,226","$124,481,226","$315,700,000",28.3%,71.7%,2023
338,A Star Is Born,"$439,943,006","$215,333,122","$224,609,884",49%,51%,2018
339,Warcraft,"$439,048,914","$47,365,290","$391,683,624",10.8%,89.2%,2016
340,Yolo,"$433,606,094","$2,001,584","$431,604,510",0.5%,99.5%,2024
341,Terminator 3: Rise of the Machines,"$433,371,112","$150,371,112","$283,000,000",34.7%,65.3%,2003
342,Shang-Chi and the Legend of the Ten Rings,"$432,243,292","$224,543,292","$207,700,000",52%,48%,2021
343,Die Another Day,"$431,971,781","$160,942,139","$271,029,642",37.3%,62.7%,2002
344,The Secret Life of Pets 2,"$431,164,459","$158,980,250","$272,184,209",36.9%,63.1%,2019
345,The Exorcist,"$430,872,776","$233,005,644","$197,867,132",54.1%,45.9%,1973
346,Cast Away,"$429,632,142","$233,632,142","$196,000,000",54.4%,45.6%,2000
347,Rampage,"$428,128,399","$101,028,233","$327,100,166",23.6%,76.4%,2018
348,The Matrix Revolutions,"$427,344,325","$139,313,948","$288,030,377",32.6%,67.4%,2003
349,The Intouchables,"$426,590,315","$10,198,820","$416,391,495",2.4%,97.6%,2011
350,Bad Boys for Life,"$426,505,244","$206,305,244","$220,200,000",48.4%,51.6%,2020
351,Django Unchained,"$426,076,540","$162,805,434","$263,271,106",38.2%,61.8%,2012
352,Dances with Wolves,"$424,208,848","$184,208,848","$240,000,000",43.4%,56.6%,1990
353,Pegasus 2,"$422,878,491",-,"$422,878,491",-,100%,2024
354,Dead to Rights,"$422,785,908",-,"$422,785,908",-,100%,2025
355,"My People, My Homeland","$422,390,820",-,"$422,390,820",-,100%,2020
356,Successor,"$422,307,398",-,"$422,307,398",-,100%,2024
357,The Chronicles of Narnia: Prince Caspian,"$419,665,568","$141,621,490","$278,044,078",33.8%,66.2%,2008
358,Sex and the City,"$418,769,972","$152,647,258","$266,122,714",36.4%,63.6%,2008
359,The Captain,"$417,863,545","$706,572","$417,156,973",0.2%,99.8%,2019
360,The Mummy,"$417,643,286","$157,095,368","$260,547,918",37.6%,62.4%,1999
361,The Chronicles of Narnia: The Voyage of the Dawn Treader,"$415,686,217","$104,386,950","$311,299,267",25.1%,74.9%,2010
362,Jason Bourne,"$415,484,914","$162,434,410","$253,050,504",39.1%,60.9%,2016
363,Captain America: Brave New World,"$415,101,577","$200,500,001","$214,601,576",48.3%,51.7%,2025
364,The Wolverine,"$414,828,246","$132,556,852","$282,271,394",32%,68%,2013
365,Kingsman: The Secret Service,"$414,351,546","$128,261,724","$286,089,822",31%,69%,2015
366,The King's Speech,"$414,245,125","$138,797,449","$275,447,676",33.5%,66.5%,2010
367,Night at the Museum: Battle of the Smithsonian,"$413,106,170","$177,243,721","$235,862,449",42.9%,57.1%,2009
368,Batman,"$411,569,241","$251,409,241","$160,160,000",61.1%,38.9%,1989
369,The Bodyguard,"$411,046,449","$122,046,449","$289,000,000",29.7%,70.3%,1992
370,Pacific Rim,"$411,002,906","$101,802,906","$309,200,000",24.8%,75.2%,2013
371,Kingsman: The Golden Circle,"$410,902,662","$100,234,838","$310,667,824",24.4%,75.6%,2017
372,Dune: Part One,"$410,668,500","$108,897,830","$301,770,670",26.5%,73.5%,2021
374,Ice Age: Collision Course,"$408,754,975","$64,063,008","$344,691,967",15.7%,84.3%,2016
375,Sing 2,"$408,402,685","$162,790,990","$245,611,695",39.9%,60.1%,2021
376,Signs,"$408,247,917","$227,966,634","$180,281,283",55.8%,44.2%,2002
377,X2: X-Men United,"$407,711,549","$214,949,694","$192,761,855",52.7%,47.3%,2003
378,Fantastic Beasts: The Secrets of Dumbledore,"$407,150,844","$95,850,844","$311,300,000",23.5%,76.5%,2022
379,Uncharted,"$407,141,258","$148,648,820","$258,492,438",36.5%,63.5%,2022
380,The Wolf of Wall Street,"$407,039,432","$116,900,694","$290,138,738",28.7%,71.3%,2013
381,Sonic the Hedgehog 2,"$405,421,518","$190,872,904","$214,548,614",47.1%,52.9%,2022
382,Your Name.,"$405,320,132","$5,017,246","$400,302,886",1.2%,98.8%,2016
383,Alita: Battle Angel,"$404,980,543","$85,838,210","$319,142,333",21.2%,78.8%,2019
384,Bad Boys: Ride or Die,"$404,550,184","$193,573,217","$210,976,967",47.8%,52.2%,2024
385,The Mummy: Tomb of the Dragon Emperor,"$403,449,830","$102,491,776","$300,958,054",25.4%,74.6%,2008
386,Prometheus,"$403,354,469","$126,477,084","$276,877,385",31.4%,68.6%,2012
387,Gone with the Wind,"$402,382,193","$200,882,193","$201,500,000",49.9%,50.1%,1939
388,Eternals,"$402,064,899","$164,870,234","$237,194,665",41%,59%,2021
389,Toy Story,"$401,157,969","$229,947,062","$171,210,907",57.3%,42.7%,1995
390,Tron: Legacy,"$400,070,675","$172,062,763","$228,007,912",43%,57%,2010
391,Twilight,"$399,980,740","$195,553,813","$204,426,927",48.9%,51.1%,2008
392,Meg 2: The Trench,"$398,500,317","$82,600,317","$315,900,000",20.7%,79.3%,2023
393,Mission: Impossible III,"$398,479,497","$134,029,801","$264,449,696",33.6%,66.4%,2006
394,Kingdom of the Planet of the Apes,"$397,378,150","$171,130,165","$226,247,985",43.1%,56.9%,2024
395,Snow White and the Huntsman,"$396,592,829","$155,332,381","$241,260,448",39.2%,60.8%,2012
396,Grease,"$396,271,103","$190,071,103","$206,200,000",48%,52%,1978
397,Mamma Mia! Here We Go Again,"$395,607,854","$120,634,935","$274,972,919",30.5%,69.5%,2018
398,Spider-Man: Into the Spider-Verse,"$394,884,133","$190,241,310","$204,642,823",48.2%,51.8%,2018
399,Once Upon a Time... in Hollywood,"$393,869,691","$142,502,728","$251,366,963",36.2%,63.8%,2019
400,Black Adam,"$393,452,111","$168,152,111","$225,300,000",42.7%,57.3%,2022
401,Back to the Future,"$392,976,852","$222,476,852","$170,500,000",56.6%,43.4%,1985
402,Solo: A Star Wars Story,"$392,924,807","$213,767,512","$179,157,295",54.4%,45.6%,2018
403,Superman Returns,"$391,081,192","$200,081,192","$191,000,000",51.2%,48.8%,2006
404,Robin Hood: Prince of Thieves,"$390,493,908","$165,493,908","$225,000,000",42.4%,57.6%,1991
405,Raiders of the Lost Ark,"$389,925,971","$248,159,971","$141,766,000",63.6%,36.4%,1981
406,Independence Day: Resurgence,"$389,681,935","$103,144,286","$286,537,649",26.5%,73.5%,2016
407,Live Free or Die Hard,"$388,156,011","$134,529,403","$253,626,608",34.7%,65.3%,2007
408,Godzilla: King of the Monsters,"$387,300,138","$110,500,138","$276,800,000",28.5%,71.5%,2019
409,Monster Hunt,"$387,053,506","$32,766","$387,020,740",<0.1%,100%,2015
410,Home,"$386,041,607","$177,397,510","$208,644,097",46%,54%,2015
411,Star Trek,"$385,681,768","$257,730,019","$127,951,749",66.8%,33.2%,2009
412,Happy Feet,"$384,336,781","$198,000,317","$186,336,464",51.5%,48.5%,2006
413,Indiana Jones and the Dial of Destiny,"$383,963,057","$174,480,468","$209,482,589",45.4%,54.6%,2023
414,Cars 3,"$383,930,656","$152,901,115","$231,029,541",39.8%,60.2%,2017
415,Ice Age,"$383,257,136","$176,387,405","$206,869,731",46%,54%,2002
416,Thunderbolts*,"$382,436,917","$190,274,328","$192,162,589",49.8%,50.2%,2025
417,Fifty Shades Darker,"$381,545,846","$114,581,250","$266,964,596",30%,70%,2017
418,Monsters vs. Aliens,"$381,509,870","$198,351,526","$183,158,344",52%,48%,2009
419,Edge of Tomorrow,"$381,055,527","$100,206,256","$280,849,271",26.3%,73.7%,2014
420,Mad Max: Fury Road,"$380,456,026","$154,280,290","$226,175,736",40.6%,59.4%,2015
421,Black Widow,"$379,751,655","$183,651,655","$196,100,000",48.4%,51.6%,2021
423,True Lies,"$378,882,411","$146,282,411","$232,600,000",38.6%,61.4%,1994
424,Slumdog Millionaire,"$378,411,362","$141,319,928","$237,091,434",37.4%,62.6%,2008
425,Taken 2,"$376,152,455","$139,854,287","$236,298,168",37.2%,62.8%,2012
426,G.I. Joe: Retaliation,"$375,740,705","$122,523,060","$253,217,645",32.6%,67.4%,2013
427,Batman Begins,"$375,579,998","$206,863,479","$168,716,519",55.1%,44.9%,2005
428,Shark Tale,"$374,583,879","$160,861,908","$213,721,971",42.9%,57.1%,2004
429,What Women Want,"$374,111,707","$182,811,707","$191,300,000",48.9%,51.1%,2000
430,The Adventures of Tintin,"$373,994,233","$77,591,831","$296,402,402",20.8%,79.2%,2011
431,Penguins of Madagascar,"$373,515,621","$83,850,911","$289,664,710",22.4%,77.6%,2014
432,X-Men Origins: Wolverine,"$373,062,864","$179,883,157","$193,179,707",48.2%,51.8%,2009
433,Creation of the Gods I: Kingdom of Storms,"$373,044,244","$1,706,355","$371,337,889",0.5%,99.5%,2023
434,Twisters,"$372,262,265","$267,762,265","$104,500,000",71.9%,28.1%,2024
435,The Golden Compass,"$372,234,864","$70,107,728","$302,127,136",18.8%,81.2%,2007
436,Fifty Shades Freed,"$371,985,018","$100,407,760","$271,577,258",27%,73%,2018
437,Hitch,"$371,594,603","$179,495,555","$192,099,048",48.3%,51.7%,2005
438,Terminator Salvation,"$371,353,001","$125,322,469","$246,030,532",33.8%,66.2%,2009
439,Gone Girl,"$370,890,259","$167,767,189","$203,123,070",45.2%,54.8%,2014
440,Captain America: The First Avenger,"$370,569,774","$176,654,505","$193,915,269",47.7%,52.3%,2011
441,There's Something About Mary,"$369,884,651","$176,484,651","$193,400,000",47.7%,52.3%,1998
442,Sinners,"$368,989,632","$279,989,632","$89,000,000",75.9%,24.1%,2025
443,The Fugitive,"$368,875,760","$183,875,760","$185,000,000",49.8%,50.2%,1993
444,Jurassic Park III,"$368,780,809","$181,171,875","$187,608,934",49.1%,50.9%,2001
445,My Big Fat Greek Wedding,"$368,744,044","$241,438,208","$127,305,836",65.5%,34.5%,2002
446,Shazam!,"$367,799,011","$140,480,049","$227,318,962",38.2%,61.8%,2019
447,Hello Mr. Billionaire,"$366,961,907",-,"$366,961,907",-,100%,2018
448,Hotel Transylvania,"$366,412,829","$148,426,305","$217,986,524",40.5%,59.5%,2012
449,Die Hard with a Vengeance,"$366,101,666","$100,012,499","$266,089,167",27.3%,72.7%,1995
450,The Nun,"$366,082,797","$117,481,222","$248,601,575",32.1%,67.9%,2018
451,Alvin and the Chipmunks,"$365,352,546","$217,326,974","$148,025,572",59.5%,40.5%,2007
452,Tenet,"$365,309,519","$58,504,105","$306,805,414",16%,84%,2020
453,Notting Hill,"$364,021,121","$116,089,678","$247,931,443",31.9%,68.1%,1999
454,A Bug's Life,"$363,258,859","$162,798,565","$200,460,294",44.8%,55.2%,1998
455,Night at the Museum: Secret of the Tomb,"$363,204,635","$113,746,621","$249,458,014",31.3%,68.7%,2014
456,Ocean's Twelve,"$362,744,280","$125,544,280","$237,200,000",34.6%,65.4%,2004
457,Mary Poppins Returns,"$362,529,106","$171,958,438","$190,570,668",47.4%,52.6%,2018
458,Planet of the Apes,"$362,211,740","$180,011,740","$182,200,000",49.7%,50.3%,2001
459,The Hangover Part III,"$362,000,072","$112,200,072","$249,800,000",31%,69%,2013
460,The World Is Not Enough,"$361,832,400","$126,943,684","$234,888,716",35.1%,64.9%,1999
461,The Hunger Games: The Ballad of Songbirds & Snakes,"$361,791,134","$166,350,594","$195,440,540",46%,54%,2023
462,Monster Hunt 2,"$361,682,618","$706,153","$360,976,465",0.2%,99.8%,2018
463,Fast & Furious,"$360,405,638","$155,064,265","$205,341,373",43%,57%,2009
464,Spirited Away,"$360,176,453","$14,821,254","$345,355,199",4.1%,95.9%,2001
465,Noah,"$359,200,044","$101,200,044","$258,000,000",28.2%,71.8%,2014
466,The Karate Kid,"$359,126,022","$176,591,618","$182,534,404",49.2%,50.8%,2010
467,Home Alone 2: Lost in New York,"$358,994,850","$173,585,516","$185,409,334",48.4%,51.6%,1992
468,Minority Report,"$358,372,926","$132,072,926","$226,300,000",36.8%,63.2%,2002
469,Top Gun,"$357,288,178","$180,258,178","$177,030,000",50.4%,49.6%,1986
470,The Legend of Tarzan,"$357,243,061","$126,643,061","$230,600,000",35.4%,64.6%,2016
471,The Housemaid,"$356,402,515","$125,577,977","$230,824,538",35.2%,64.8%,2025
472,American Beauty,"$356,296,601","$130,096,601","$226,200,000",36.5%,63.5%,1999
473,Apollo 13,"$355,770,228","$174,692,658","$181,077,570",49.1%,50.9%,1995
474,Rain Man,"$354,825,435","$172,825,435","$182,000,000",48.7%,51.3%,1988
475,The Great Gatsby,"$353,660,028","$144,857,996","$208,802,032",41%,59%,2013
476,Dumbo,"$353,284,621","$114,766,307","$238,518,314",32.5%,67.5%,2019
477,"I, Robot","$353,133,898","$144,801,023","$208,332,875",41%,59%,2004
478,Basic Instinct,"$352,927,224","$117,727,224","$235,200,000",33.4%,66.6%,1992
479,Murder on the Orient Express,"$352,794,081","$102,826,543","$249,967,538",29.2%,70.8%,2017
480,X-Men: First Class,"$352,616,690","$146,408,305","$206,208,385",41.5%,58.5%,2011
481,The Angry Birds Movie,"$352,333,929","$107,509,366","$244,824,563",30.5%,69.5%,2016
482,GoldenEye,"$352,194,034","$106,429,941","$245,764,093",30.2%,69.8%,1995
483,Catch Me If You Can,"$352,114,312","$164,615,351","$187,498,961",46.8%,53.2%,2002
484,Now You See Me,"$351,723,989","$117,723,989","$234,000,000",33.5%,66.5%,2013
485,Hannibal,"$351,692,268","$165,092,268","$186,600,000",46.9%,53.1%,2001
486,The Mask,"$351,583,407","$119,938,730","$231,644,677",34.1%,65.9%,1994
487,Peter Rabbit,"$351,516,614","$115,253,424","$236,263,190",32.8%,67.2%,2018
488,It Ends with Us,"$351,441,044","$148,518,266","$202,922,778",42.3%,57.7%,2024
489,Alien: Romulus,"$350,865,342","$105,313,091","$245,552,251",30%,70%,2024
490,How the Grinch Stole Christmas,"$350,474,504","$264,965,545","$85,508,959",75.6%,24.4%,2000
491,Speed,"$350,448,145","$121,248,145","$229,200,000",34.6%,65.4%,1994
492,Dinosaur,"$349,822,765","$137,748,063","$212,074,702",39.4%,60.6%,2000
493,Deep Impact,"$349,464,664","$140,464,664","$209,000,000",40.2%,59.8%,1998
494,The Lorax,"$349,305,397","$214,494,550","$134,810,847",61.4%,38.6%,2012
495,The Maze Runner,"$348,319,861","$102,427,862","$245,891,999",29.4%,70.6%,2014
496,The Smurfs 2,"$347,545,360","$71,017,784","$276,527,576",20.4%,79.6%,2013
497,National Treasure,"$347,512,530","$173,008,894","$174,503,636",49.8%,50.2%,2004
498,Trolls,"$347,337,803","$154,174,089","$193,163,714",44.4%,55.6%,2016
499,Rush Hour 2,"$347,325,802","$226,164,286","$121,161,516",65.1%,34.9%,2001
500,xXx: Return of Xander Cage,"$346,118,277","$44,898,413","$301,219,864",13%,87%,2017
501,Pocahontas,"$346,079,773","$141,579,773","$204,500,000",40.9%,59.1%,1995
502,Star Trek Beyond,"$343,471,816","$158,848,340","$184,623,476",46.2%,53.8%,2016
503,Alvin and the Chipmunks: Chipwrecked,"$342,695,435","$133,110,742","$209,584,693",38.8%,61.2%,2011
504,Wanted,"$342,463,063","$134,508,551","$207,954,512",39.3%,60.7%,2008
505,The Flintstones,"$341,631,208","$130,531,208","$211,100,000",38.2%,61.8%,1994
506,A Quiet Place,"$340,955,294","$188,024,361","$152,930,933",55.2%,44.8%,2018
507,Enchanted,"$340,487,869","$127,807,262","$212,680,607",37.5%,62.5%,2007
508,Over the Hedge,"$339,795,890","$155,019,340","$184,776,550",45.6%,54.4%,2006
509,300: Rise of an Empire,"$337,580,051","$106,580,051","$231,000,000",31.6%,68.4%,2014
510,Batman Forever,"$336,567,158","$184,069,126","$152,498,032",54.7%,45.3%,1995
511,Prince of Persia: The Sands of Time,"$336,365,676","$90,759,676","$245,606,000",27%,73%,2009
512,The Curious Case of Benjamin Button,"$335,802,786","$127,509,326","$208,293,460",38%,62%,2008
513,Journey 2: The Mysterious Island,"$335,288,576","$103,887,748","$231,400,828",31%,69%,2012
514,The Rock,"$335,062,621","$134,069,511","$200,993,110",40%,60%,1996
515,The Great Wall,"$334,933,831","$45,540,830","$289,393,001",13.6%,86.4%,2016
516,Now You See Me 2,"$334,897,606","$65,075,540","$269,822,066",19.4%,80.6%,2016
517,The Wild Robot,"$334,537,187","$143,901,945","$190,635,242",43%,57%,2024
518,Never Say Die,"$334,530,869",-,"$334,530,869",-,100%,2017
519,Fantastic Four,"$333,535,934","$154,696,080","$178,839,854",46.4%,53.6%,2005
520,Indiana Jones and the Temple of Doom,"$333,107,271","$179,870,271","$153,237,000",54%,46%,1984
521,Tomorrow Never Dies,"$333,011,068","$125,304,276","$207,706,792",37.6%,62.4%,1997
522,Back to the Future Part II,"$332,861,197","$119,361,197","$213,500,000",35.9%,64.1%,1989
523,The Good Dinosaur,"$332,207,671","$123,087,120","$209,120,551",37%,63%,2015
524,Free Guy,"$331,526,598","$121,626,598","$209,900,000",36.7%,63.3%,2021
525,22 Jump Street,"$331,333,876","$191,719,337","$139,614,539",57.9%,42.1%,2014
526,Meet the Parents,"$330,444,045","$166,244,045","$164,200,000",50.3%,49.7%,2000
527,Black Swan,"$330,213,626","$107,770,258","$222,443,368",32.6%,67.4%,2010
528,Seven,"$329,813,591","$101,871,174","$227,942,417",30.9%,69.1%,1995
529,Who Framed Roger Rabbit,"$329,803,958","$156,452,370","$173,351,588",47.4%,52.6%,1988
530,The Polar Express,"$328,972,415","$191,019,448","$137,952,967",58.1%,41.9%,2004
531,The Perfect Storm,"$328,718,434","$182,618,434","$146,100,000",55.6%,44.4%,2000
532,John Wick: Chapter 3 - Parabellum,"$328,349,908","$171,015,687","$157,334,221",52.1%,47.9%,2019
533,Crocodile Dundee,"$328,203,506","$174,803,506","$153,400,000",53.3%,46.7%,1986
534,Crazy Alien,"$327,598,891",-,"$327,598,891",-,100%,2019
535,The Devil Wears Prada,"$326,588,371","$124,740,460","$201,847,911",38.2%,61.8%,2006
536,Taken 3,"$326,479,141","$89,256,424","$237,222,717",27.3%,72.7%,2015
537,Paddington,"$326,113,057","$76,271,832","$249,841,225",23.4%,76.6%,2014
538,The Hunchback of Notre Dame,"$325,338,851","$100,138,851","$225,200,000",30.8%,69.2%,1996
539,A Christmas Carol,"$325,286,646","$137,855,863","$187,430,783",42.4%,57.6%,2009
540,The SpongeBob Movie: Sponge Out of Water,"$325,186,032","$162,994,032","$162,192,000",50.1%,49.9%,2015
541,The Conjuring 2,"$322,819,915","$102,516,140","$220,303,775",31.8%,68.2%,2016
542,Schindler's List,"$322,161,245","$96,898,818","$225,262,427",30.1%,69.9%,1993
543,Megamind,"$321,885,765","$148,415,853","$173,469,912",46.1%,53.9%,2010
544,Green Book,"$321,752,656","$85,080,171","$236,672,485",26.4%,73.6%,2018
545,Lethal Weapon 3,"$321,731,527","$144,731,527","$177,000,000",45%,55%,1992
546,Robin Hood,"$321,669,741","$105,269,730","$216,400,011",32.7%,67.3%,2010
547,Inglourious Basterds,"$321,461,171","$120,540,719","$200,920,452",37.5%,62.5%,2009
548,The Conjuring,"$321,293,998","$137,446,368","$183,847,630",42.8%,57.2%,2013
549,101 Dalmatians,"$320,689,294","$136,189,294","$184,500,000",42.5%,57.5%,1996
550,Fatal Attraction,"$320,145,693","$156,645,693","$163,500,000",48.9%,51.1%,1987
551,Sonic the Hedgehog,"$319,715,683","$148,974,665","$170,741,018",46.6%,53.4%,2020
552,The Last Airbender,"$319,713,881","$131,772,187","$187,941,694",41.2%,58.8%,2010
553,Final Destination: Bloodlines,"$317,854,739","$138,254,739","$179,600,000",43.5%,56.5%,2025
554,The Proposal,"$317,375,937","$163,958,031","$153,417,906",51.7%,48.3%,2009
555,A Beautiful Mind,"$316,791,257","$170,742,341","$146,048,916",53.9%,46.1%,2001
556,Beverly Hills Cop,"$316,360,478","$234,760,478","$81,600,000",74.2%,25.8%,1984
557,Air Force One,"$315,156,409","$172,956,409","$142,200,000",54.9%,45.1%,1997
558,Wonder,"$315,025,930","$132,422,809","$182,603,121",42%,58%,2017
559,The Expendables 2,"$314,975,955","$85,028,192","$229,947,763",27%,73%,2012
560,Chicken Little,"$314,432,837","$135,386,665","$179,046,172",43.1%,56.9%,2005
561,As Good as It Gets,"$314,178,011","$148,478,011","$165,700,000",47.3%,52.7%,1997
562,Austin Powers: The Spy Who Shagged Me,"$313,701,294","$206,040,086","$107,661,208",65.7%,34.3%,1999
563,Knives Out,"$312,897,920","$165,363,234","$147,534,686",52.8%,47.2%,2019
564,The Lego Batman Movie,"$312,336,671","$175,936,671","$136,400,000",56.3%,43.7%,2017
565,Maze Runner: The Scorch Trials,"$312,296,056","$81,697,192","$230,598,864",26.2%,73.8%,2015
566,Resident Evil: The Final Chapter,"$312,242,626","$26,830,068","$285,412,558",8.6%,91.4%,2016
567,Ocean's Thirteen,"$311,312,624","$117,154,724","$194,157,900",37.6%,62.4%,2007
568,Little Fockers,"$310,650,585","$148,438,600","$162,211,985",47.8%,52.2%,2010
569,Bolt,"$309,979,994","$114,053,579","$195,926,415",36.8%,63.2%,2008
570,Ransom,"$309,492,681","$136,492,681","$173,000,000",44.1%,55.9%,1996
571,Runaway Bride,"$309,460,292","$152,257,509","$157,202,783",49.2%,50.8%,1999
572,The Blind Side,"$309,231,694","$255,982,860","$53,248,834",82.8%,17.2%,2009
573,The Ex-File 3: Return of the Exes,"$307,592,427","$838,959","$306,753,468",0.3%,99.7%,2017
574,The Fault in Our Stars,"$307,170,119","$124,872,350","$182,297,769",40.6%,59.4%,2014
575,The Pursuit of Happyness,"$307,127,625","$163,566,459","$143,561,166",53.3%,46.7%,2006
576,Rise of the Guardians,"$306,946,514","$103,412,758","$203,533,756",33.7%,66.3%,2012
577,Article 20,"$306,899,794",-,"$306,899,794",-,100%,2024
578,Close Encounters of the Third Kind,"$306,889,114","$135,189,114","$171,700,000",44%,56%,1977
579,Chicago,"$306,777,683","$170,687,518","$136,090,165",55.6%,44.4%,2002
580,Annabelle: Creation,"$306,592,201","$102,092,201","$204,500,000",33.3%,66.7%,2017
581,Skyscraper,"$304,870,828","$68,420,120","$236,450,708",22.4%,77.6%,2018
582,A Good Day to Die Hard,"$304,654,182","$67,349,198","$237,304,984",22.1%,77.9%,2013
583,Mulan,"$304,320,254","$120,620,254","$183,700,000",39.6%,60.4%,1998
584,Dangal,"$303,726,694","$12,391,761","$291,334,933",4.1%,95.9%,2016
585,Passengers,"$303,144,152","$100,014,699","$203,129,453",33%,67%,2016
586,Battleship,"$303,025,485","$65,422,625","$237,602,860",21.6%,78.4%,2012
587,Liar Liar,"$302,710,615","$181,410,615","$121,300,000",59.9%,40.1%,1997
588,G.I. Joe: The Rise of Cobra,"$302,469,017","$150,201,498","$152,267,519",49.7%,50.3%,2009
589,Wrath of the Titans,"$301,970,083","$83,670,083","$218,300,000",27.7%,72.3%,2012
590,Never Say Never,"$301,957,043",-,"$301,957,043",-,100%,2023
591,Fantastic Four: Rise of the Silver Surfer,"$301,913,131","$131,921,738","$169,991,393",43.7%,56.3%,2007
592,Hook,"$300,854,823","$119,654,823","$181,200,000",39.8%,60.2%,1991
594,Rocky IV,"$300,473,716","$127,873,716","$172,600,000",42.6%,57.4%,1985
595,Rambo: First Blood Part II,"$300,400,432","$150,415,432","$149,985,000",50.1%,49.9%,1985
596,Resident Evil: Afterlife,"$300,228,084","$60,128,566","$240,099,518",20%,80%,2010
597,Migration,"$300,187,799","$127,630,880","$172,556,919",42.5%,57.5%,2023
598,Van Helsing,"$300,157,638","$120,177,084","$179,980,554",40%,60%,2004
599,Stuart Little,"$300,135,367","$140,035,367","$160,100,000",46.7%,53.3%,1999
600,Beverly Hills Cop II,"$299,965,036","$153,665,036","$146,300,000",51.2%,48.8%,1987
